<?xml version="1.0" encoding="UTF-8"?>
<project-private xmlns="http://www.netbeans.org/ns/project-private/1">
    <editor-bookmarks xmlns="http://www.netbeans.org/ns/editor-bookmarks/2" lastBookmarkId="0"/>
    <open-files xmlns="http://www.netbeans.org/ns/projectui-open-files/2">
        <group>
            <file>file:/E:/ISD%20year2/mam%20ita/project/SmartCar/src/smartcar/SmartCar.java</file>
            <file>file:/E:/ISD%20year2/mam%20ita/project/SmartCar/src/smartcar/Employee.java</file>
            <file>file:/E:/ISD%20year2/mam%20ita/project/SmartCar/src/smartcar/SmartCity.java</file>
            <file>file:/E:/ISD%20year2/mam%20ita/project/SmartCar/src/smartcar/Customer.java</file>
        </group>
    </open-files>
</project-private>
